"drug_name","Total_Score","Total_Importance","Matched_Targets","Average_StandardValue","Matched_Gene_Names","Matched_Target_Details"
"ABEMACICLIB",1126.87031993159,17.3734513859853,8,3302.7375,"CCND1; CCND3; CCNE1; PTGS2","Gene: CCND1, Target: P24385, Standard Value: 0.6, logFC: 1.00941201185406, Effect Type: suppress; Gene: CCND1, Target: P24385, Standard Value: 10, logFC: 1.00941201185406, Effect Type: suppress; Gene: CCND3, Target: P30281, Standard Value: 5, logFC: 1.07625704228391, Effect Type: suppress; Gene: CCND3, Target: P30281, Standard Value: 1.5, logFC: 1.07625704228391, Effect Type: suppress; Gene: CCND3, Target: P30281, Standard Value: 56, logFC: 1.07625704228391, Effect Type: suppress; Gene: CCNE1, Target: P24864, Standard Value: 347, logFC: 2.30239334013451, Effect Type: suppress; Gene: CCNE1, Target: P24864, Standard Value: 2, logFC: 2.30239334013451, Effect Type: suppress; Gene: PTGS2, Target: P35354, Standard Value: 25999.8, logFC: 6.82854706638038, Effect Type: suppress"
"ABIRATERONE ACETATE",4.41221283911924,3.23488988376348,1,17050,"AR","Gene: AR, Target: P10275, Standard Value: 17050, logFC: 1.78098041604884, Effect Type: suppress"
"ACALABRUTINIB",9.81090094258239,2.40414343519169,1,28000.1,"PTGS2","Gene: PTGS2, Target: P35354, Standard Value: 28000.1, logFC: 6.82854706638038, Effect Type: suppress"
"ACLARUBICIN",4.21258244907756,0.749613668705421,1,20630,"PTGS1","Gene: PTGS1, Target: P23219, Standard Value: 20630, logFC: 8.07161671437733, Effect Type: suppress"
"ADAGRASIB",196.855436795828,9.97722202742389,2,127.5,"KRAS","Gene: KRAS, Target: P01116, Standard Value: 5, logFC: 1.02771499460468, Effect Type: suppress; Gene: KRAS, Target: P01116, Standard Value: 250, logFC: 1.02771499460468, Effect Type: promote"
"ALECTINIB",109.267809022273,10.7441502447912,3,4246.6,"ESR1; PGR; RET","Gene: ESR1, Target: P03372, Standard Value: 2700, logFC: -1.3571743946305, Effect Type: promote; Gene: PGR, Target: P06401, Standard Value: 10000, logFC: -4.54195785233846, Effect Type: promote; Gene: RET, Target: P07949, Standard Value: 39.8, logFC: 3.97389650269221, Effect Type: suppress"
"ALITRETINOIN",7.47954062674333,1.22680066376399,2,12153.6,"PTGS1; RORC","Gene: PTGS1, Target: P23219, Standard Value: 10307.2, logFC: 8.07161671437733, Effect Type: suppress; Gene: RORC, Target: P51449, Standard Value: 14000, logFC: -3.7684314108052, Effect Type: promote"
"ALPELISIB",662.04975086963,13.8007689341332,5,439.58,"PIK3CD; PIK3R1","Gene: PIK3CD, Target: O00329, Standard Value: 510, logFC: 2.47140549567912, Effect Type: suppress; Gene: PIK3CD, Target: O00329, Standard Value: 72, logFC: 2.47140549567912, Effect Type: suppress; Gene: PIK3R1, Target: P27986, Standard Value: 72, logFC: 2.73492131635019, Effect Type: suppress; Gene: PIK3R1, Target: P27986, Standard Value: 3.9, logFC: 2.73492131635019, Effect Type: suppress; Gene: PIK3R1, Target: P27986, Standard Value: 1540, logFC: 2.73492131635019, Effect Type: suppress"
"ALVOCIDIB",214.03320683624,13.7586284890473,6,147.5,"CCND1; CCND3; CCNE1","Gene: CCND1, Target: P24385, Standard Value: 20, logFC: 1.00941201185406, Effect Type: suppress; Gene: CCND1, Target: P24385, Standard Value: 100, logFC: 1.00941201185406, Effect Type: suppress; Gene: CCND3, Target: P30281, Standard Value: 100, logFC: 1.07625704228391, Effect Type: suppress; Gene: CCND3, Target: P30281, Standard Value: 395, logFC: 1.07625704228391, Effect Type: suppress; Gene: CCNE1, Target: P24864, Standard Value: 100, logFC: 2.30239334013451, Effect Type: suppress; Gene: CCNE1, Target: P24864, Standard Value: 170, logFC: 2.30239334013451, Effect Type: suppress"
"AMRUBICIN",11.4040425331629,0.749613668705421,1,2815,"PTGS1","Gene: PTGS1, Target: P23219, Standard Value: 2815, logFC: 8.07161671437733, Effect Type: suppress"
"AMSACRINE",30.5202415809753,2.41419166299417,2,2850,"ADRA2C; PTGS2","Gene: ADRA2C, Target: P18825, Standard Value: 2800, logFC: 1.84298122760888, Effect Type: suppress; Gene: PTGS2, Target: P35354, Standard Value: 2900, logFC: 6.82854706638038, Effect Type: suppress"
"ANETHOLTRITHION",8.24794795234772,2.22406994572654,1,15000,"PGR","Gene: PGR, Target: P06401, Standard Value: 15000, logFC: -4.54195785233846, Effect Type: promote"
"APALUTAMIDE",141.258433698718,3.96731036430398,2,1508,"AR; GABRA1","Gene: AR, Target: P10275, Standard Value: 16, logFC: 1.78098041604884, Effect Type: suppress; Gene: GABRA1, Target: P14867, Standard Value: 3000, logFC: -2.07405947101431, Effect Type: suppress"
"AXITINIB",152.849881052747,3.69482318768552,1,56,"FGFR1","Gene: FGFR1, Target: P11362, Standard Value: 56, logFC: 3.09574698142338, Effect Type: suppress"
"BELINOSTAT",14.3683027098737,8.17184041471095,3,12206.6666666667,"ASPH; ESR1; PTGS1","Gene: ASPH, Target: Q12797, Standard Value: 3100, logFC: 1.27629103799675, Effect Type: suppress; Gene: ESR1, Target: P03372, Standard Value: 27910, logFC: -1.3571743946305, Effect Type: promote; Gene: PTGS1, Target: P23219, Standard Value: 5610, logFC: 8.07161671437733, Effect Type: suppress"
"BENDAMUSTINE",7.94180759533568,0.749613668705421,1,5804.4,"PTGS1","Gene: PTGS1, Target: P23219, Standard Value: 5804.4, logFC: 8.07161671437733, Effect Type: suppress"
"BETA CAROTENE",8.37305131087488,0.749613668705421,1,5221.9,"PTGS1","Gene: PTGS1, Target: P23219, Standard Value: 5221.9, logFC: 8.07161671437733, Effect Type: suppress"
"BEXAROTENE",-20.9390538502148,7.67950833794829,2,12577.256,"ESR1; NR4A2","Gene: ESR1, Target: P03372, Standard Value: 25149.5, logFC: -1.3571743946305, Effect Type: promote; Gene: NR4A2, Target: P43354, Standard Value: 5.012, logFC: -1.40237471865269, Effect Type: suppress"
"BICALUTAMIDE",79.8067069030146,5.4690080572925,3,4949.96666666667,"ADRA2C; AR; PGR","Gene: ADRA2C, Target: P18825, Standard Value: 12999.9, logFC: 1.84298122760888, Effect Type: suppress; Gene: AR, Target: P10275, Standard Value: 31, logFC: 1.78098041604884, Effect Type: suppress; Gene: PGR, Target: P06401, Standard Value: 1819, logFC: -4.54195785233846, Effect Type: suppress"
"BLEOMYCIN",0.585829942827728,0.175986969662219,1,1470,"ASPH","Gene: ASPH, Target: Q12797, Standard Value: 1470, logFC: 1.27629103799675, Effect Type: suppress"
"BORTEZOMIB",671.690584018437,9.73184174460284,9,7.05888888888889,"PSMA1; PSMA2; PSMB1; PSMD11; PSMD7","Gene: PSMA1, Target: P25786, Standard Value: 2.56, logFC: 1.69282894271027, Effect Type: suppress; Gene: PSMA1, Target: P25786, Standard Value: 6.91, logFC: 1.69282894271027, Effect Type: suppress; Gene: PSMA2, Target: P25787, Standard Value: 2.56, logFC: 1.53292564224606, Effect Type: suppress; Gene: PSMA2, Target: P25787, Standard Value: 6.91, logFC: 1.53292564224606, Effect Type: suppress; Gene: PSMB1, Target: P20618, Standard Value: 30, logFC: 1.36239705820291, Effect Type: suppress; Gene: PSMB1, Target: P20618, Standard Value: 2.56, logFC: 1.36239705820291, Effect Type: suppress; Gene: PSMB1, Target: P20618, Standard Value: 6.91, logFC: 1.36239705820291, Effect Type: suppress; Gene: PSMD11, Target: O00231, Standard Value: 2.56, logFC: 1.03836854189556, Effect Type: suppress; Gene: PSMD7, Target: P51665, Standard Value: 2.56, logFC: 1.07596622824151, Effect Type: suppress"
"BOSUTINIB",27.4340195859428,3.30617760105831,2,705,"ADRA2C; FYN","Gene: ADRA2C, Target: P18825, Standard Value: 1000, logFC: 1.84298122760888, Effect Type: suppress; Gene: FYN, Target: P06241, Standard Value: 410, logFC: 1.68170214430336, Effect Type: suppress"
"BRIGATINIB",3.73325650808676,0.749613668705421,1,26267.6,"PTGS1","Gene: PTGS1, Target: P23219, Standard Value: 26267.6, logFC: 8.07161671437733, Effect Type: suppress"
"CABOZANTINIB",339.244784162203,6.27877440220996,6,11680.25,"ADRA2A; ADRA2C; PGR; RET","Gene: ADRA2A, Target: P08913, Standard Value: 18999.8, logFC: -1.2933914383685, Effect Type: suppress; Gene: ADRA2C, Target: P18825, Standard Value: 25999.8, logFC: 1.84298122760888, Effect Type: suppress; Gene: PGR, Target: P06401, Standard Value: 23999.9, logFC: -4.54195785233846, Effect Type: suppress; Gene: RET, Target: P07949, Standard Value: 3, logFC: 3.97389650269221, Effect Type: suppress; Gene: RET, Target: P07949, Standard Value: 190, logFC: 3.97389650269221, Effect Type: suppress; Gene: RET, Target: P07949, Standard Value: 889, logFC: 3.97389650269221, Effect Type: suppress"
"CAMPTOTHECIN",4.62111207870626,0.0165771855317263,1,2.21,"SSTR2","Gene: SSTR2, Target: P30874, Standard Value: 2.21, logFC: 4.14411540002575, Effect Type: suppress"
"CARFILZOMIB",434.711878253557,8.79078265703924,8,8,"PSMA1; PSMA2; PSMB1; PSMD11; PSMD7","Gene: PSMA1, Target: P25786, Standard Value: 8.6, logFC: 1.69282894271027, Effect Type: suppress; Gene: PSMA1, Target: P25786, Standard Value: 7, logFC: 1.69282894271027, Effect Type: suppress; Gene: PSMA2, Target: P25787, Standard Value: 8.6, logFC: 1.53292564224606, Effect Type: suppress; Gene: PSMA2, Target: P25787, Standard Value: 7, logFC: 1.53292564224606, Effect Type: suppress; Gene: PSMB1, Target: P20618, Standard Value: 8.6, logFC: 1.36239705820291, Effect Type: suppress; Gene: PSMB1, Target: P20618, Standard Value: 7, logFC: 1.36239705820291, Effect Type: suppress; Gene: PSMD11, Target: O00231, Standard Value: 8.6, logFC: 1.03836854189556, Effect Type: suppress; Gene: PSMD7, Target: P51665, Standard Value: 8.6, logFC: 1.07596622824151, Effect Type: suppress"
"CEDIRANIB",413.74016254884,8.27479308975651,4,153.935,"FGFR1; FRK; FYN; RET","Gene: FGFR1, Target: P11362, Standard Value: 25.12, logFC: 3.09574698142338, Effect Type: suppress; Gene: FRK, Target: P42685, Standard Value: 79.43, logFC: 6.09964124725395, Effect Type: suppress; Gene: FYN, Target: P06241, Standard Value: 501.19, logFC: 1.68170214430336, Effect Type: suppress; Gene: RET, Target: P07949, Standard Value: 10, logFC: 3.97389650269221, Effect Type: suppress"
"CELECOXIB",1484.56582374344,6.30751420779423,4,57.5,"PTGS1; PTGS2","Gene: PTGS1, Target: P23219, Standard Value: 50, logFC: 8.07161671437733, Effect Type: suppress; Gene: PTGS1, Target: P23219, Standard Value: 89, logFC: 8.07161671437733, Effect Type: suppress; Gene: PTGS2, Target: P35354, Standard Value: 2, logFC: 6.82854706638038, Effect Type: suppress; Gene: PTGS2, Target: P35354, Standard Value: 89, logFC: 6.82854706638038, Effect Type: suppress"
"CERITINIB",-111.121220735151,5.31105624048099,2,1357,"IGF1R; RET","Gene: IGF1R, Target: P08069, Standard Value: 410, logFC: -6.10216275084247, Effect Type: suppress; Gene: RET, Target: P07949, Standard Value: 2304, logFC: 3.97389650269221, Effect Type: suppress"
"CHLORAMBUCIL",1.02070838447287,0.732420480540495,1,22149.3,"GABRA1","Gene: GABRA1, Target: P14867, Standard Value: 22149.3, logFC: -2.07405947101431, Effect Type: promote"
"CISPLATIN",-11.6454375701914,10.5423691495991,2,3636.5,"ESR1; FYN","Gene: ESR1, Target: P03372, Standard Value: 2500, logFC: -1.3571743946305, Effect Type: suppress; Gene: FYN, Target: P06241, Standard Value: 4773, logFC: 1.68170214430336, Effect Type: suppress"
"COPANLISIB",6391.57656523576,11.8188288635819,4,1.26,"PIK3CD; PIK3R1","Gene: PIK3CD, Target: O00329, Standard Value: 0.18, logFC: 2.47140549567912, Effect Type: suppress; Gene: PIK3R1, Target: P27986, Standard Value: 0.18, logFC: 2.73492131635019, Effect Type: suppress; Gene: PIK3R1, Target: P27986, Standard Value: 0.11, logFC: 2.73492131635019, Effect Type: suppress; Gene: PIK3R1, Target: P27986, Standard Value: 4.57, logFC: 2.73492131635019, Effect Type: suppress"
"CRIZOTINIB",9.79378669943627,3.62653583716046,5,11319.16,"ADRA2A; ADRA2C; GABRA1; MAPK6; PTGS2","Gene: ADRA2A, Target: P08913, Standard Value: 15000, logFC: -1.2933914383685, Effect Type: suppress; Gene: ADRA2C, Target: P18825, Standard Value: 1195.8, logFC: 1.84298122760888, Effect Type: suppress; Gene: GABRA1, Target: P14867, Standard Value: 17000, logFC: -2.07405947101431, Effect Type: suppress; Gene: MAPK6, Target: Q16659, Standard Value: 3400, logFC: -1.06150561764881, Effect Type: suppress; Gene: PTGS2, Target: P35354, Standard Value: 20000, logFC: 6.82854706638038, Effect Type: suppress"
"CYPROTERONE ACETATE",107.769840847121,5.44512392181748,2,58,"AR; NR3C1","Gene: AR, Target: P10275, Standard Value: 14, logFC: 1.78098041604884, Effect Type: suppress; Gene: NR3C1, Target: P04150, Standard Value: 102, logFC: -2.11138293138662, Effect Type: suppress"
"DABRAFENIB",6.68595841712574,4.98861101371195,1,5880,"KRAS","Gene: KRAS, Target: P01116, Standard Value: 5880, logFC: 1.02771499460468, Effect Type: suppress"
"DACTINOMYCIN",5.06958585785061,0.963070175709428,2,10319.95,"DDR2; PTGS1","Gene: DDR2, Target: Q16832, Standard Value: 9000, logFC: -2.39380447626185, Effect Type: suppress; Gene: PTGS1, Target: P23219, Standard Value: 11639.9, logFC: 8.07161671437733, Effect Type: suppress"
"DASATINIB",740.641505557935,11.3857145966118,6,17155.7868333333,"ADRA2C; CACNA1D; DDR2; EPHA2; FGFR1; FYN","Gene: ADRA2C, Target: P18825, Standard Value: 18999.8, logFC: 1.84298122760888, Effect Type: suppress; Gene: CACNA1D, Target: Q01668, Standard Value: 81100, logFC: -1.76845796417304, Effect Type: suppress; Gene: DDR2, Target: Q16832, Standard Value: 833, logFC: -2.39380447626185, Effect Type: suppress; Gene: EPHA2, Target: P29317, Standard Value: 3.981, logFC: 3.08041400703021, Effect Type: suppress; Gene: FGFR1, Target: P11362, Standard Value: 1995.26, logFC: 3.09574698142338, Effect Type: suppress; Gene: FYN, Target: P06241, Standard Value: 2.68, logFC: 1.68170214430336, Effect Type: suppress"
"DAUNORUBICIN",58.1097310605078,12.175168414651,5,11923.16,"ADRA2C; ADRB1; ESR1; PGR; PTGS2","Gene: ADRA2C, Target: P18825, Standard Value: 17492.8, logFC: 1.84298122760888, Effect Type: suppress; Gene: ADRB1, Target: P08588, Standard Value: 28000.1, logFC: -2.31172013702627, Effect Type: suppress; Gene: ESR1, Target: P03372, Standard Value: 3900, logFC: -1.3571743946305, Effect Type: promote; Gene: PGR, Target: P06401, Standard Value: 7422.9, logFC: -4.54195785233846, Effect Type: promote; Gene: PTGS2, Target: P35354, Standard Value: 2800, logFC: 6.82854706638038, Effect Type: suppress"
"DAUNORUBICIN HYDROCHLORIDE",72.5486749585926,8.50236985033238,1,173.6,"HSP90AA1","Gene: HSP90AA1, Target: P07900, Standard Value: 173.6, logFC: 1.1242537698681, Effect Type: suppress"
"DECITABINE",-0.486200590344419,0.290667029587001,1,19099.9,"ADRB1","Gene: ADRB1, Target: P08588, Standard Value: 19099.9, logFC: -2.31172013702627, Effect Type: suppress"
"DIETHYLSTILBESTROL",11785.631407334,15.9063602915503,5,5775.4214,"ESR1; FYN; NR3C1; PTGS1; PTGS2","Gene: ESR1, Target: P03372, Standard Value: 0.007, logFC: -1.3571743946305, Effect Type: promote; Gene: FYN, Target: P06241, Standard Value: 14233, logFC: 1.68170214430336, Effect Type: suppress; Gene: NR3C1, Target: P04150, Standard Value: 4818, logFC: -2.11138293138662, Effect Type: suppress; Gene: PTGS1, Target: P23219, Standard Value: 5600, logFC: 8.07161671437733, Effect Type: suppress; Gene: PTGS2, Target: P35354, Standard Value: 4226.1, logFC: 6.82854706638038, Effect Type: suppress"
"DINACICLIB",555.891140245426,11.8216865067281,5,60.6,"AKR1C3; CCND1; CCNE1","Gene: AKR1C3, Target: P42330, Standard Value: 70, logFC: 2.769041474659, Effect Type: suppress; Gene: CCND1, Target: P24385, Standard Value: 115, logFC: 1.00941201185406, Effect Type: suppress; Gene: CCND1, Target: P24385, Standard Value: 115, logFC: 1.00941201185406, Effect Type: suppress; Gene: CCNE1, Target: P24864, Standard Value: 2, logFC: 2.30239334013451, Effect Type: suppress; Gene: CCNE1, Target: P24864, Standard Value: 1, logFC: 2.30239334013451, Effect Type: suppress"
"DOCETAXEL",1.03854998263113,0.973588064522346,3,500,"TUBB1; TUBB4A; TUBB6","Gene: TUBB1, Target: Q9H4B7, Standard Value: 500, logFC: -4.08429978421464, Effect Type: suppress; Gene: TUBB4A, Target: P04350, Standard Value: 500, logFC: 3.37366545889295, Effect Type: suppress; Gene: TUBB6, Target: Q9BUF5, Standard Value: 500, logFC: 1.14600392020266, Effect Type: suppress"
"DOXORUBICIN",37.1196969806265,9.26462027267511,6,9306.26666666667,"ADRA2A; EBP; FYN; NR3C1; PTGS1; PTGS2","Gene: ADRA2A, Target: P08913, Standard Value: 12000, logFC: -1.2933914383685, Effect Type: promote; Gene: EBP, Target: Q15125, Standard Value: 150, logFC: 1.55446692956063, Effect Type: suppress; Gene: FYN, Target: P06241, Standard Value: 5147, logFC: 1.68170214430336, Effect Type: suppress; Gene: NR3C1, Target: P04150, Standard Value: 10999.9, logFC: -2.11138293138662, Effect Type: promote; Gene: PTGS1, Target: P23219, Standard Value: 15540.7, logFC: 8.07161671437733, Effect Type: suppress; Gene: PTGS2, Target: P35354, Standard Value: 12000, logFC: 6.82854706638038, Effect Type: suppress"
"DOXORUBICIN HYDROCHLORIDE",58.6088941311584,8.50236985033238,1,266,"HSP90AA1","Gene: HSP90AA1, Target: P07900, Standard Value: 266, logFC: 1.1242537698681, Effect Type: suppress"
"DUVELISIB",2288.29269435783,15.7827090046846,6,84.5,"PIK3CD; PIK3R1","Gene: PIK3CD, Target: O00329, Standard Value: 1, logFC: 2.47140549567912, Effect Type: suppress; Gene: PIK3CD, Target: O00329, Standard Value: 1, logFC: 2.47140549567912, Effect Type: suppress; Gene: PIK3CD, Target: O00329, Standard Value: 96, logFC: 2.47140549567912, Effect Type: suppress; Gene: PIK3R1, Target: P27986, Standard Value: 1, logFC: 2.73492131635019, Effect Type: suppress; Gene: PIK3R1, Target: P27986, Standard Value: 400, logFC: 2.73492131635019, Effect Type: suppress; Gene: PIK3R1, Target: P27986, Standard Value: 8, logFC: 2.73492131635019, Effect Type: suppress"
"EMBELIN",73.5694191323007,0.878314339302138,1,60,"ALOX5","Gene: ALOX5, Target: P09917, Standard Value: 60, logFC: 6.48818133416669, Effect Type: suppress"
"ENASIDENIB",6.31391370585078,0.749613668705421,1,9183.3,"PTGS1","Gene: PTGS1, Target: P23219, Standard Value: 9183.3, logFC: 8.07161671437733, Effect Type: suppress"
"ENTRECTINIB",-100.671296966794,15.3362532818862,8,802.85,"FGFR1; FRK; FYN; GRK5; IGF1R; LRRK2; PRKCG; RET","Gene: FGFR1, Target: P11362, Standard Value: 251.19, logFC: 3.09574698142338, Effect Type: suppress; Gene: FRK, Target: P42685, Standard Value: 15.85, logFC: 6.09964124725395, Effect Type: suppress; Gene: FYN, Target: P06241, Standard Value: 398.11, logFC: 1.68170214430336, Effect Type: suppress; Gene: GRK5, Target: P34947, Standard Value: 2511.89, logFC: 3.53321581438168, Effect Type: suppress; Gene: IGF1R, Target: P08069, Standard Value: 63.1, logFC: -6.10216275084247, Effect Type: suppress; Gene: LRRK2, Target: Q5S007, Standard Value: 2511.89, logFC: 2.74830150418066, Effect Type: suppress; Gene: PRKCG, Target: P05129, Standard Value: 630.96, logFC: 3.16253670040984, Effect Type: suppress; Gene: RET, Target: P07949, Standard Value: 39.81, logFC: 3.97389650269221, Effect Type: suppress"
"ENZALUTAMIDE",147.259071305537,6.17754440235798,3,5671.33333333333,"AR; GABRA1; NR3C1","Gene: AR, Target: P10275, Standard Value: 14, logFC: 1.78098041604884, Effect Type: suppress; Gene: GABRA1, Target: P14867, Standard Value: 3000, logFC: -2.07405947101431, Effect Type: suppress; Gene: NR3C1, Target: P04150, Standard Value: 14000, logFC: -2.11138293138662, Effect Type: suppress"
"ENZASTAURIN",-2.24112283209602,0.403184701935401,1,10000,"CAMK2D","Gene: CAMK2D, Target: Q13557, Standard Value: 10000, logFC: -5.55855125786767, Effect Type: suppress"
"EPIRUBICIN",19.948051901675,4.04574304196125,2,3810.9,"FYN; PTGS1","Gene: FYN, Target: P06241, Standard Value: 5181, logFC: 1.68170214430336, Effect Type: suppress; Gene: PTGS1, Target: P23219, Standard Value: 2440.8, logFC: 8.07161671437733, Effect Type: suppress"
"ERDAFITINIB",125.430702528426,3.704871415488,2,7041.64,"ADRA2C; FGFR1","Gene: ADRA2C, Target: P18825, Standard Value: 14000.1, logFC: 1.84298122760888, Effect Type: suppress; Gene: FGFR1, Target: P11362, Standard Value: 83.18, logFC: 3.09574698142338, Effect Type: suppress"
"ERLOTINIB",110.194902335651,2.03345419752058,3,646.64,"FRK; PTGS1; RET","Gene: FRK, Target: P42685, Standard Value: 316.23, logFC: 6.09964124725395, Effect Type: suppress; Gene: PTGS1, Target: P23219, Standard Value: 38.8, logFC: 8.07161671437733, Effect Type: suppress; Gene: RET, Target: P07949, Standard Value: 1584.89, logFC: 3.97389650269221, Effect Type: suppress"
"ETHINYL ESTRADIOL",2732.05994706463,9.45647381439731,2,388.564,"ESR1; NR3C1","Gene: ESR1, Target: P03372, Standard Value: 0.128, logFC: -1.3571743946305, Effect Type: promote; Gene: NR3C1, Target: P04150, Standard Value: 777, logFC: -2.11138293138662, Effect Type: suppress"
"FEDRATINIB",0.021527545908611,0.010048227802479,1,7400,"ADRA2C","Gene: ADRA2C, Target: P18825, Standard Value: 7400, logFC: 1.84298122760888, Effect Type: suppress"
"FLUTAMIDE",46.4256812500346,3.23488988376348,1,154,"AR","Gene: AR, Target: P10275, Standard Value: 154, logFC: 1.78098041604884, Effect Type: suppress"
"FORMESTANE",16.6069806339249,2.22406994572654,1,3700,"PGR","Gene: PGR, Target: P06401, Standard Value: 3700, logFC: -4.54195785233846, Effect Type: promote"
"FULVESTRANT",-8371.07885862943,16.7165494984132,3,0.159633333333333,"ESR1; PGR","Gene: ESR1, Target: P03372, Standard Value: 0.06, logFC: -1.3571743946305, Effect Type: suppress; Gene: ESR1, Target: P03372, Standard Value: 0.21, logFC: -1.3571743946305, Effect Type: suppress; Gene: PGR, Target: P06401, Standard Value: 0.2089, logFC: -4.54195785233846, Effect Type: suppress"
"FUTIBATINIB",771.165830450286,3.69482318768552,1,2.2,"FGFR1","Gene: FGFR1, Target: P11362, Standard Value: 2.2, logFC: 3.09574698142338, Effect Type: suppress"
"GALLIC ACID",2.44287681750739,0.309027137791689,1,924,"GALNT2","Gene: GALNT2, Target: Q10471, Standard Value: 924, logFC: 2.40292897515056, Effect Type: suppress"
"GEFITINIB",-4.08676421437133,0.413184708029181,2,1381.54,"CAMK2D; FRK","Gene: CAMK2D, Target: Q13557, Standard Value: 2511.89, logFC: -5.55855125786767, Effect Type: suppress; Gene: FRK, Target: P42685, Standard Value: 251.19, logFC: 6.09964124725395, Effect Type: suppress"
"GILTERITINIB",6.91549977918547,1.15746342963477,1,1485,"CCNE1","Gene: CCNE1, Target: P24864, Standard Value: 1485, logFC: 2.30239334013451, Effect Type: suppress"
"HESPERETIN",18.2407836268465,2.40414343519169,1,8100.1,"PTGS2","Gene: PTGS2, Target: P35354, Standard Value: 8100.1, logFC: 6.82854706638038, Effect Type: suppress"
"HYDROCORTISONE BUTYRATE",155.871565060832,2.22406994572654,1,42,"PGR","Gene: PGR, Target: P06401, Standard Value: 42, logFC: -4.54195785233846, Effect Type: promote"
"IBANDRONIC ACID",72.2591480701036,1.067142501749,1,3.6,"FDPS","Gene: FDPS, Target: P14324, Standard Value: 3.6, logFC: 1.28475900440877, Effect Type: suppress"
"IDARUBICIN",13.2826112748133,2.23411817352902,2,7900,"ADRA2C; PGR","Gene: ADRA2C, Target: P18825, Standard Value: 10000, logFC: 1.84298122760888, Effect Type: suppress; Gene: PGR, Target: P06401, Standard Value: 5800, logFC: -4.54195785233846, Effect Type: promote"
"IDELALISIB",1785.89112309818,14.5503826028386,6,950.393333333333,"PIK3CD; PIK3R1; PTGS1","Gene: PIK3CD, Target: O00329, Standard Value: 2, logFC: 2.47140549567912, Effect Type: suppress; Gene: PIK3CD, Target: O00329, Standard Value: 1.08, logFC: 2.47140549567912, Effect Type: suppress; Gene: PIK3R1, Target: P27986, Standard Value: 1.08, logFC: 2.73492131635019, Effect Type: suppress; Gene: PIK3R1, Target: P27986, Standard Value: 409, logFC: 2.73492131635019, Effect Type: suppress; Gene: PIK3R1, Target: P27986, Standard Value: 293, logFC: 2.73492131635019, Effect Type: suppress; Gene: PTGS1, Target: P23219, Standard Value: 4996.2, logFC: 8.07161671437733, Effect Type: suppress"
"IMATINIB",1.04790714754189,0.422331776028191,3,166.743333333333,"DDR1; DDR2; FRK","Gene: DDR1, Target: Q08345, Standard Value: 43, logFC: 1.65129198503885, Effect Type: suppress; Gene: DDR2, Target: Q16832, Standard Value: 141, logFC: -2.39380447626185, Effect Type: suppress; Gene: FRK, Target: P42685, Standard Value: 316.23, logFC: 6.09964124725395, Effect Type: suppress"
"INDIRUBIN",110.213687143785,6.04908251879956,4,4100.05,"AHR; CCND1; CCNE1; CDK18","Gene: AHR, Target: P35869, Standard Value: 0.2, logFC: -1.21129121832053, Effect Type: promote; Gene: CCND1, Target: P24385, Standard Value: 12000, logFC: 1.00941201185406, Effect Type: suppress; Gene: CCNE1, Target: P24864, Standard Value: 2200, logFC: 2.30239334013451, Effect Type: suppress; Gene: CDK18, Target: Q07002, Standard Value: 2200, logFC: 1.79572829793273, Effect Type: suppress"
"INFIGRATINIB",1506.04021102477,4.46757932547722,2,23.545,"FGFR1; SMO","Gene: FGFR1, Target: P11362, Standard Value: 0.59, logFC: 3.09574698142338, Effect Type: suppress; Gene: SMO, Target: Q99835, Standard Value: 46.5, logFC: 1.49206941495555, Effect Type: suppress"
"ISOLIQUIRITIGENIN",-16.5106065519624,10.3999968802404,3,87290,"ESR1; PTGS1; PTGS2","Gene: ESR1, Target: P03372, Standard Value: 1870, logFC: -1.3571743946305, Effect Type: suppress; Gene: PTGS1, Target: P23219, Standard Value: 130000, logFC: 8.07161671437733, Effect Type: suppress; Gene: PTGS2, Target: P35354, Standard Value: 130000, logFC: 6.82854706638038, Effect Type: suppress"
"IXABEPILONE",-40.6328006317851,5.27461198400718,1,337,"BCL2","Gene: BCL2, Target: P10415, Standard Value: 337, logFC: -1.41416860178029, Effect Type: suppress"
"IXAZOMIB",122.745800079612,3.10773287603317,3,15,"PSMA1; PSMA2; PSMB1","Gene: PSMA1, Target: P25786, Standard Value: 15, logFC: 1.69282894271027, Effect Type: suppress; Gene: PSMA2, Target: P25787, Standard Value: 15, logFC: 1.53292564224606, Effect Type: suppress; Gene: PSMB1, Target: P20618, Standard Value: 15, logFC: 1.36239705820291, Effect Type: suppress"
"LAPATINIB",14.2669395443455,1.27384052272138,1,1258.93,"RET","Gene: RET, Target: P07949, Standard Value: 1258.93, logFC: 3.97389650269221, Effect Type: suppress"
"LENVATINIB",6.12616402754822,7.24623977634331,1,25770.3,"ESR1","Gene: ESR1, Target: P03372, Standard Value: 25770.3, logFC: -1.3571743946305, Effect Type: promote"
"MASOPROCOL",-3.3751561233167,4.62821338091823,2,2022.5,"PGR; PTGS2","Gene: PGR, Target: P06401, Standard Value: 945, logFC: -4.54195785233846, Effect Type: suppress; Gene: PTGS2, Target: P35354, Standard Value: 3100, logFC: 6.82854706638038, Effect Type: suppress"
"MEDROXYPROGESTERONE ACETATE",3347.02958461888,16.080948285348,6,402.106166666667,"AKR1C3; AR; ESR1; NR3C1; NR3C2; PGR","Gene: AKR1C3, Target: P42330, Standard Value: 280, logFC: 2.769041474659, Effect Type: suppress; Gene: AR, Target: P10275, Standard Value: 2.9, logFC: 1.78098041604884, Effect Type: suppress; Gene: ESR1, Target: P03372, Standard Value: 924, logFC: -1.3571743946305, Effect Type: suppress; Gene: NR3C1, Target: P04150, Standard Value: 8.637, logFC: -2.11138293138662, Effect Type: suppress; Gene: NR3C2, Target: P08235, Standard Value: 1197, logFC: -1.30741877382708, Effect Type: suppress; Gene: PGR, Target: P06401, Standard Value: 0.1, logFC: -4.54195785233846, Effect Type: promote"
"MEGESTROL ACETATE",-157.590572835098,2.210234038054,1,8.769,"NR3C1","Gene: NR3C1, Target: P04150, Standard Value: 8.769, logFC: -2.11138293138662, Effect Type: suppress"
"MELPHALAN",7.32810738982647,0.749613668705421,1,6817.3,"PTGS1","Gene: PTGS1, Target: P23219, Standard Value: 6817.3, logFC: 8.07161671437733, Effect Type: suppress"
"METHOTREXATE",228.643702339625,3.08779852378078,2,5.3,"DHFR; TYMS","Gene: DHFR, Target: P00374, Standard Value: 0.6, logFC: 1.08937628092003, Effect Type: suppress; Gene: TYMS, Target: P04818, Standard Value: 10, logFC: 1.44111172091726, Effect Type: suppress"
"MIDOSTAURIN",113.481718547968,1.4498274923836,2,3020,"ASPH; RET","Gene: ASPH, Target: Q12797, Standard Value: 6020, logFC: 1.27629103799675, Effect Type: suppress; Gene: RET, Target: P07949, Standard Value: 20, logFC: 3.97389650269221, Effect Type: suppress"
"MITOTANE",47.6195497054998,2.22406994572654,1,450,"PGR","Gene: PGR, Target: P06401, Standard Value: 450, logFC: -4.54195785233846, Effect Type: promote"
"MITOXANTRONE",59.1393714030495,7.41500790092362,3,8352.63333333333,"CACNA1D; FYN; PTGS2","Gene: CACNA1D, Target: Q01668, Standard Value: 22500, logFC: -1.76845796417304, Effect Type: suppress; Gene: FYN, Target: P06241, Standard Value: 1257.9, logFC: 1.68170214430336, Effect Type: suppress; Gene: PTGS2, Target: P35354, Standard Value: 1300, logFC: 6.82854706638038, Effect Type: suppress"
"NALTREXONE HYDROCHLORIDE",92.044614026102,0.233708358633273,1,0.55,"OPRD1","Gene: OPRD1, Target: P41143, Standard Value: 0.55, logFC: 2.92082461781706, Effect Type: suppress"
"NILOTINIB",-9.75815679208544,2.12706686241051,3,1569.63333333333,"CACNA1D; DDR1; DDR2","Gene: CACNA1D, Target: Q01668, Standard Value: 4700, logFC: -1.76845796417304, Effect Type: suppress; Gene: DDR1, Target: Q08345, Standard Value: 3.7, logFC: 1.65129198503885, Effect Type: suppress; Gene: DDR2, Target: Q16832, Standard Value: 5.2, logFC: -2.39380447626185, Effect Type: suppress"
"NILUTAMIDE",192.042517701909,3.23488988376348,1,9,"AR","Gene: AR, Target: P10275, Standard Value: 9, logFC: 1.78098041604884, Effect Type: suppress"
"NINTEDANIB",115.425927955502,3.69482318768552,1,98.2,"FGFR1","Gene: FGFR1, Target: P11362, Standard Value: 98.2, logFC: 3.09574698142338, Effect Type: suppress"
"OLMUTINIB",5.81625660715848,7.24623977634331,1,28589.7,"ESR1","Gene: ESR1, Target: P03372, Standard Value: 28589.7, logFC: -1.3571743946305, Effect Type: promote"
"OSIMERTINIB",0.0164708583662542,0.010048227802479,1,12641.2,"ADRA2C","Gene: ADRA2C, Target: P18825, Standard Value: 12641.2, logFC: 1.84298122760888, Effect Type: suppress"
"PACLITAXEL",66.9277779857974,7.06061538996969,5,4806.6,"FYN; ITGAV; TUBB1; TUBB4A; TUBB6","Gene: FYN, Target: P06241, Standard Value: 23906, logFC: 1.68170214430336, Effect Type: suppress; Gene: ITGAV, Target: P06756, Standard Value: 34, logFC: 1.23626074746912, Effect Type: suppress; Gene: TUBB1, Target: Q9H4B7, Standard Value: 31, logFC: -4.08429978421464, Effect Type: suppress; Gene: TUBB4A, Target: P04350, Standard Value: 31, logFC: 3.37366545889295, Effect Type: suppress; Gene: TUBB6, Target: Q9BUF5, Standard Value: 31, logFC: 1.14600392020266, Effect Type: suppress"
"PALBOCICLIB",1855.2221890034,20.9826632445336,10,1666.687,"CCND1; CCND3; CCNE1; LRRK2; PRKX; RET","Gene: CCND1, Target: P24385, Standard Value: 0.8, logFC: 1.00941201185406, Effect Type: suppress; Gene: CCND1, Target: P24385, Standard Value: 11, logFC: 1.00941201185406, Effect Type: suppress; Gene: CCND1, Target: P24385, Standard Value: 0.2, logFC: 1.00941201185406, Effect Type: suppress; Gene: CCND3, Target: P30281, Standard Value: 11, logFC: 1.07625704228391, Effect Type: suppress; Gene: CCND3, Target: P30281, Standard Value: 5, logFC: 1.07625704228391, Effect Type: suppress; Gene: CCND3, Target: P30281, Standard Value: 3.2, logFC: 1.07625704228391, Effect Type: suppress; Gene: CCNE1, Target: P24864, Standard Value: 9100, logFC: 2.30239334013451, Effect Type: suppress; Gene: LRRK2, Target: Q5S007, Standard Value: 2511.89, logFC: 2.74830150418066, Effect Type: suppress; Gene: PRKX, Target: P51817, Standard Value: 2511.89, logFC: 1.27850702643926, Effect Type: suppress; Gene: RET, Target: P07949, Standard Value: 2511.89, logFC: 3.97389650269221, Effect Type: suppress"
"PAMIDRONIC ACID",18.3374179407138,1.067142501749,1,55.9,"FDPS","Gene: FDPS, Target: P14324, Standard Value: 55.9, logFC: 1.28475900440877, Effect Type: suppress"
"PARSACLISIB",489.817758246731,1.98194007055137,1,1,"PIK3CD","Gene: PIK3CD, Target: O00329, Standard Value: 1, logFC: 2.47140549567912, Effect Type: suppress"
"PAZOPANIB",97.7576033855857,12.5154653084264,5,855.888,"DDR2; FGFR1; FYN; IGF1R; RET","Gene: DDR2, Target: Q16832, Standard Value: 51, logFC: -2.39380447626185, Effect Type: suppress; Gene: FGFR1, Target: P11362, Standard Value: 158.49, logFC: 3.09574698142338, Effect Type: suppress; Gene: FYN, Target: P06241, Standard Value: 1995.26, logFC: 1.68170214430336, Effect Type: suppress; Gene: IGF1R, Target: P08069, Standard Value: 1995.26, logFC: -6.10216275084247, Effect Type: suppress; Gene: RET, Target: P07949, Standard Value: 79.43, logFC: 3.97389650269221, Effect Type: suppress"
"PEMETREXED",53.7191168323874,5.2506947182828,3,1842.66666666667,"DHFR; TYMS","Gene: DHFR, Target: P00374, Standard Value: 68, logFC: 1.08937628092003, Effect Type: suppress; Gene: TYMS, Target: P04818, Standard Value: 5390, logFC: 1.44111172091726, Effect Type: suppress; Gene: TYMS, Target: P04818, Standard Value: 70, logFC: 1.44111172091726, Effect Type: suppress"
"PENTOSTATIN",1581.80155840893,0.315830210503233,1,0.0025,"ADA","Gene: ADA, Target: P00813, Standard Value: 0.0025, logFC: 2.50419609303452, Effect Type: suppress"
"PHENTOLAMINE",3.38815760041172,1.60119741637782,10,857.3609,"ADRA1B; ADRA2A; ADRA2C; SCN1A","Gene: ADRA1B, Target: P35368, Standard Value: 4.8, logFC: 2.43389099193517, Effect Type: suppress; Gene: ADRA1B, Target: P35368, Standard Value: 15.14, logFC: 2.43389099193517, Effect Type: suppress; Gene: ADRA1B, Target: P35368, Standard Value: 3.715, logFC: 2.43389099193517, Effect Type: promote; Gene: ADRA2A, Target: P08913, Standard Value: 55.9, logFC: -1.2933914383685, Effect Type: suppress; Gene: ADRA2A, Target: P08913, Standard Value: 3.162, logFC: -1.2933914383685, Effect Type: suppress; Gene: ADRA2A, Target: P08913, Standard Value: 3.715, logFC: -1.2933914383685, Effect Type: promote; Gene: ADRA2C, Target: P18825, Standard Value: 80.3, logFC: 1.84298122760888, Effect Type: suppress; Gene: ADRA2C, Target: P18825, Standard Value: 3.162, logFC: 1.84298122760888, Effect Type: suppress; Gene: ADRA2C, Target: P18825, Standard Value: 3.715, logFC: 1.84298122760888, Effect Type: promote; Gene: SCN1A, Target: P35498, Standard Value: 8400, logFC: 8.13135738460533, Effect Type: suppress"
"PIRARUBICIN",27.0590799498579,0.749613668705421,1,500,"PTGS1","Gene: PTGS1, Target: P23219, Standard Value: 500, logFC: 8.07161671437733, Effect Type: suppress"
"PLERIXAFOR",-0.548306443291876,0.381851271299583,1,140000,"ACKR3","Gene: ACKR3, Target: P25106, Standard Value: 140000, logFC: 5.37270662155064, Effect Type: promote"
"PONATINIB",187.252941686384,6.99203325702578,5,13438.7,"ADRA2C; NR3C1; PGR; RET","Gene: ADRA2C, Target: P18825, Standard Value: 17000, logFC: 1.84298122760888, Effect Type: suppress; Gene: NR3C1, Target: P04150, Standard Value: 21000, logFC: -2.11138293138662, Effect Type: promote; Gene: PGR, Target: P06401, Standard Value: 29000.1, logFC: -4.54195785233846, Effect Type: promote; Gene: RET, Target: P07949, Standard Value: 13, logFC: 3.97389650269221, Effect Type: suppress; Gene: RET, Target: P07949, Standard Value: 180.4, logFC: 3.97389650269221, Effect Type: suppress"
"PREDNISONE",86.6575228326226,2.210234038054,1,29,"NR3C1","Gene: NR3C1, Target: P04150, Standard Value: 29, logFC: -2.11138293138662, Effect Type: promote"
"PROCARBAZINE",42.3880123771043,2.40414343519169,1,1500,"PTGS2","Gene: PTGS2, Target: P35354, Standard Value: 1500, logFC: 6.82854706638038, Effect Type: suppress"
"QUINESTROL",67.9509299051555,2.22406994572654,1,221,"PGR","Gene: PGR, Target: P06401, Standard Value: 221, logFC: -4.54195785233846, Effect Type: promote"
"QUIZARTINIB",292.261080108575,1.27384052272138,1,3,"RET","Gene: RET, Target: P07949, Standard Value: 3, logFC: 3.97389650269221, Effect Type: suppress"
"RADOTINIB",3.75122192508369,0.749613668705421,1,26016.6,"PTGS1","Gene: PTGS1, Target: P23219, Standard Value: 26016.6, logFC: 8.07161671437733, Effect Type: suppress"
"RALOXIFENE HYDROCHLORIDE",-2775.76368341373,14.4924795526866,2,0.545,"ESR1","Gene: ESR1, Target: P03372, Standard Value: 0.72, logFC: -1.3571743946305, Effect Type: suppress; Gene: ESR1, Target: P03372, Standard Value: 0.37, logFC: -1.3571743946305, Effect Type: suppress"
"REGORAFENIB",0.993329461401039,2.95984770675942,2,17255.1,"NR3C1; PTGS1","Gene: NR3C1, Target: P04150, Standard Value: 17000, logFC: -2.11138293138662, Effect Type: suppress; Gene: PTGS1, Target: P23219, Standard Value: 17510.2, logFC: 8.07161671437733, Effect Type: suppress"
"RIBOCICLIB",307.881077860768,11.4437016297778,4,17.625,"CCND1; CCND3","Gene: CCND1, Target: P24385, Standard Value: 10, logFC: 1.00941201185406, Effect Type: suppress; Gene: CCND1, Target: P24385, Standard Value: 19.5, logFC: 1.00941201185406, Effect Type: suppress; Gene: CCND3, Target: P30281, Standard Value: 28, logFC: 1.07625704228391, Effect Type: suppress; Gene: CCND3, Target: P30281, Standard Value: 13, logFC: 1.07625704228391, Effect Type: suppress"
"ROQUINIMEX",-5.93187230621115,2.22406994572654,1,29000.1,"PGR","Gene: PGR, Target: P06401, Standard Value: 29000.1, logFC: -4.54195785233846, Effect Type: suppress"
"RUCAPARIB",20.4941520074312,4.91888041050523,3,24099.8333333333,"ADRB1; PGR; PTGS2","Gene: ADRB1, Target: P08588, Standard Value: 40099.6, logFC: -2.31172013702627, Effect Type: suppress; Gene: PGR, Target: P06401, Standard Value: 15599.8, logFC: -4.54195785233846, Effect Type: promote; Gene: PTGS2, Target: P35354, Standard Value: 16600.1, logFC: 6.82854706638038, Effect Type: suppress"
"SELINEXOR",256.349566958226,10.3999968802404,3,8330.4,"ESR1; PTGS1; PTGS2","Gene: ESR1, Target: P03372, Standard Value: 24700.2, logFC: -1.3571743946305, Effect Type: promote; Gene: PTGS1, Target: P23219, Standard Value: 230, logFC: 8.07161671437733, Effect Type: suppress; Gene: PTGS2, Target: P35354, Standard Value: 61, logFC: 6.82854706638038, Effect Type: suppress"
"SELPERCATINIB",454.590933483498,1.27384052272138,1,1.24,"RET","Gene: RET, Target: P07949, Standard Value: 1.24, logFC: 3.97389650269221, Effect Type: suppress"
"SIROLIMUS",3.96723175462627,0.749613668705421,1,23260.6,"PTGS1","Gene: PTGS1, Target: P23219, Standard Value: 23260.6, logFC: 8.07161671437733, Effect Type: suppress"
"SONIDEGIB",47.0712646099139,0.772756137791698,1,6,"SMO","Gene: SMO, Target: Q99835, Standard Value: 6, logFC: 1.49206941495555, Effect Type: suppress"
"SORAFENIB",229.6569172296,6.63862970289197,5,6587.566,"ADRB1; DDR2; EPHA2; PTGS2; RET","Gene: ADRB1, Target: P08588, Standard Value: 28000.1, logFC: -2.31172013702627, Effect Type: suppress; Gene: DDR2, Target: Q16832, Standard Value: 36, logFC: -2.39380447626185, Effect Type: suppress; Gene: EPHA2, Target: P29317, Standard Value: 794.33, logFC: 3.08041400703021, Effect Type: suppress; Gene: PTGS2, Target: P35354, Standard Value: 4100, logFC: 6.82854706638038, Effect Type: suppress; Gene: RET, Target: P07949, Standard Value: 7.4, logFC: 3.97389650269221, Effect Type: suppress"
"SOTORASIB",93.6034178397603,4.98861101371195,1,30,"KRAS","Gene: KRAS, Target: P01116, Standard Value: 30, logFC: 1.02771499460468, Effect Type: suppress"
"SUNITINIB",234.694910848712,5.95429902581584,7,9671.71428571429,"ADRA2A; ADRA2C; ADRB1; CACNA1D; GRK5; PGR; RET","Gene: ADRA2A, Target: P08913, Standard Value: 23999.9, logFC: -1.2933914383685, Effect Type: suppress; Gene: ADRA2C, Target: P18825, Standard Value: 1766.3, logFC: 1.84298122760888, Effect Type: suppress; Gene: ADRB1, Target: P08588, Standard Value: 6000, logFC: -2.31172013702627, Effect Type: suppress; Gene: CACNA1D, Target: Q01668, Standard Value: 33400, logFC: -1.76845796417304, Effect Type: suppress; Gene: GRK5, Target: P34947, Standard Value: 830, logFC: 3.53321581438168, Effect Type: suppress; Gene: PGR, Target: P06401, Standard Value: 1700, logFC: -4.54195785233846, Effect Type: promote; Gene: RET, Target: P07949, Standard Value: 5.8, logFC: 3.97389650269221, Effect Type: suppress"
"TAMOXIFEN",-160.991714188226,28.3499380784739,11,2418.60090909091,"ADRB1; EBP; ESR1; FYN; PGR; PRKCA; PRKCE; PRKCG; PTGS1","Gene: ADRB1, Target: P08588, Standard Value: 17572.6, logFC: -2.31172013702627, Effect Type: suppress; Gene: EBP, Target: Q15125, Standard Value: 5, logFC: 1.55446692956063, Effect Type: suppress; Gene: EBP, Target: Q15125, Standard Value: 1, logFC: 1.55446692956063, Effect Type: suppress; Gene: ESR1, Target: P03372, Standard Value: 31.19, logFC: -1.3571743946305, Effect Type: suppress; Gene: ESR1, Target: P03372, Standard Value: 280, logFC: -1.3571743946305, Effect Type: suppress; Gene: FYN, Target: P06241, Standard Value: 1195, logFC: 1.68170214430336, Effect Type: suppress; Gene: PGR, Target: P06401, Standard Value: 128.82, logFC: -4.54195785233846, Effect Type: suppress; Gene: PRKCA, Target: P17252, Standard Value: 1000, logFC: 3.84200010615956, Effect Type: suppress; Gene: PRKCE, Target: Q02156, Standard Value: 1000, logFC: -2.27917890613864, Effect Type: suppress; Gene: PRKCG, Target: P05129, Standard Value: 1000, logFC: 3.16253670040984, Effect Type: suppress; Gene: PTGS1, Target: P23219, Standard Value: 4391, logFC: 8.07161671437733, Effect Type: suppress"
"TEGAFUR",15.3010333066639,7.24623977634331,1,4131,"ESR1","Gene: ESR1, Target: P03372, Standard Value: 4131, logFC: -1.3571743946305, Effect Type: promote"
"TELOTRISTAT ETHYL",0.0124853301398396,0.010048227802479,1,21999.9,"ADRA2C","Gene: ADRA2C, Target: P18825, Standard Value: 21999.9, logFC: 1.84298122760888, Effect Type: suppress"
"TERIFLUNOMIDE",5.11514472013301,0.924902329278755,1,388,"DHFR","Gene: DHFR, Target: P00374, Standard Value: 388, logFC: 1.08937628092003, Effect Type: suppress"
"THIOGUANINE",24.6808886118973,0.749613668705421,1,601,"PTGS1","Gene: PTGS1, Target: P23219, Standard Value: 601, logFC: 8.07161671437733, Effect Type: suppress"
"THIOTEPA",-0.215993051702981,0.233182888319282,2,9200.05,"ADRA2A; ADRA2C","Gene: ADRA2A, Target: P08913, Standard Value: 14000.1, logFC: -1.2933914383685, Effect Type: suppress; Gene: ADRA2C, Target: P18825, Standard Value: 4400, logFC: 1.84298122760888, Effect Type: suppress"
"TIRBANIBULIN",0.697029109485299,0.973588064522346,3,1110,"TUBB1; TUBB4A; TUBB6","Gene: TUBB1, Target: Q9H4B7, Standard Value: 1110, logFC: -4.08429978421464, Effect Type: suppress; Gene: TUBB4A, Target: P04350, Standard Value: 1110, logFC: 3.37366545889295, Effect Type: suppress; Gene: TUBB6, Target: Q9BUF5, Standard Value: 1110, logFC: 1.14600392020266, Effect Type: suppress"
"TOZASERTIB",115.052711970891,16.255103127412,7,821.302857142857,"DDR2; EPHA2; FGFR1; FYN; IGF1R; LRRK2; RET","Gene: DDR2, Target: Q16832, Standard Value: 18, logFC: -2.39380447626185, Effect Type: suppress; Gene: EPHA2, Target: P29317, Standard Value: 630.96, logFC: 3.08041400703021, Effect Type: suppress; Gene: FGFR1, Target: P11362, Standard Value: 794.33, logFC: 3.09574698142338, Effect Type: suppress; Gene: FYN, Target: P06241, Standard Value: 3162.28, logFC: 1.68170214430336, Effect Type: suppress; Gene: IGF1R, Target: P08069, Standard Value: 500, logFC: -6.10216275084247, Effect Type: suppress; Gene: LRRK2, Target: Q5S007, Standard Value: 630.96, logFC: 2.74830150418066, Effect Type: suppress; Gene: RET, Target: P07949, Standard Value: 12.59, logFC: 3.97389650269221, Effect Type: suppress"
"TRETINOIN",8.17452438380923,1.22680066376399,2,12919.15,"PTGS1; RORC","Gene: PTGS1, Target: P23219, Standard Value: 7838.3, logFC: 8.07161671437733, Effect Type: suppress; Gene: RORC, Target: P51449, Standard Value: 18000, logFC: -3.7684314108052, Effect Type: promote"
"TRILACICLIB",574.261487699495,5.72185081488888,2,2.4,"CCND1; CCND3","Gene: CCND1, Target: P24385, Standard Value: 0.8, logFC: 1.00941201185406, Effect Type: suppress; Gene: CCND3, Target: P30281, Standard Value: 4, logFC: 1.07625704228391, Effect Type: suppress"
"TRIPTORELIN",3.78457924443007,0.749613668705421,1,25560,"PTGS1","Gene: PTGS1, Target: P23219, Standard Value: 25560, logFC: 8.07161671437733, Effect Type: suppress"
"ULIPRISTAL ACETATE",-2248.59033187315,9.47030972206985,2,4645.15,"ESR1; PGR","Gene: ESR1, Target: P03372, Standard Value: 9290.1, logFC: -1.3571743946305, Effect Type: promote; Gene: PGR, Target: P06401, Standard Value: 0.2, logFC: -4.54195785233846, Effect Type: suppress"
"VANDETANIB",193.647178255776,11.0549321053012,7,1142.43285714286,"ADRA2A; ADRA2C; FGFR1; FYN; LRRK2; RET","Gene: ADRA2A, Target: P08913, Standard Value: 2100, logFC: -1.2933914383685, Effect Type: suppress; Gene: ADRA2C, Target: P18825, Standard Value: 855.6, logFC: 1.84298122760888, Effect Type: suppress; Gene: FGFR1, Target: P11362, Standard Value: 1995.26, logFC: 3.09574698142338, Effect Type: suppress; Gene: FYN, Target: P06241, Standard Value: 630.96, logFC: 1.68170214430336, Effect Type: suppress; Gene: LRRK2, Target: Q5S007, Standard Value: 1995.26, logFC: 2.74830150418066, Effect Type: suppress; Gene: RET, Target: P07949, Standard Value: 19.95, logFC: 3.97389650269221, Effect Type: suppress; Gene: RET, Target: P07949, Standard Value: 400, logFC: 3.97389650269221, Effect Type: suppress"
"VEMURAFENIB",10.8592249837241,7.3886679291007,3,16700.0333333333,"ASPH; KRAS; PGR","Gene: ASPH, Target: Q12797, Standard Value: 10500, logFC: 1.27629103799675, Effect Type: suppress; Gene: KRAS, Target: P01116, Standard Value: 16600, logFC: 1.02771499460468, Effect Type: suppress; Gene: PGR, Target: P06401, Standard Value: 23000.1, logFC: -4.54195785233846, Effect Type: promote"
"VENETOCLAX",-5559.11288263242,5.46064718147188,3,6096.67266666667,"ADRA2C; ASPH; BCL2","Gene: ADRA2C, Target: P18825, Standard Value: 17000, logFC: 1.84298122760888, Effect Type: suppress; Gene: ASPH, Target: Q12797, Standard Value: 1290, logFC: 1.27629103799675, Effect Type: suppress; Gene: BCL2, Target: P10415, Standard Value: 0.018, logFC: -1.41416860178029, Effect Type: suppress"
"VINBLASTINE",27.0012862448382,1.72320173322777,4,208.45,"PTGS1; TUBB1; TUBB4A; TUBB6","Gene: PTGS1, Target: P23219, Standard Value: 623.8, logFC: 8.07161671437733, Effect Type: suppress; Gene: TUBB1, Target: Q9H4B7, Standard Value: 70, logFC: -4.08429978421464, Effect Type: suppress; Gene: TUBB4A, Target: P04350, Standard Value: 70, logFC: 3.37366545889295, Effect Type: suppress; Gene: TUBB6, Target: Q9BUF5, Standard Value: 70, logFC: 1.14600392020266, Effect Type: suppress"
"VINBLASTINE SULFATE",2.03676408741445,0.973588064522346,3,130,"TUBB1; TUBB4A; TUBB6","Gene: TUBB1, Target: Q9H4B7, Standard Value: 130, logFC: -4.08429978421464, Effect Type: suppress; Gene: TUBB4A, Target: P04350, Standard Value: 130, logFC: 3.37366545889295, Effect Type: suppress; Gene: TUBB6, Target: Q9BUF5, Standard Value: 130, logFC: 1.14600392020266, Effect Type: suppress"
"VINCRISTINE",9.03454207885872,1.72320173322777,4,1806.5,"PTGS1; TUBB1; TUBB4A; TUBB6","Gene: PTGS1, Target: P23219, Standard Value: 5726, logFC: 8.07161671437733, Effect Type: suppress; Gene: TUBB1, Target: Q9H4B7, Standard Value: 500, logFC: -4.08429978421464, Effect Type: suppress; Gene: TUBB4A, Target: P04350, Standard Value: 500, logFC: 3.37366545889295, Effect Type: suppress; Gene: TUBB6, Target: Q9BUF5, Standard Value: 500, logFC: 1.14600392020266, Effect Type: suppress"
"VINDESINE",15.6528820790702,2.40414343519169,1,10999.9,"PTGS2","Gene: PTGS2, Target: P35354, Standard Value: 10999.9, logFC: 6.82854706638038, Effect Type: suppress"
"VINORELBINE",0.877734936568922,0.973588064522346,3,700,"TUBB1; TUBB4A; TUBB6","Gene: TUBB1, Target: Q9H4B7, Standard Value: 700, logFC: -4.08429978421464, Effect Type: suppress; Gene: TUBB4A, Target: P04350, Standard Value: 700, logFC: 3.37366545889295, Effect Type: suppress; Gene: TUBB6, Target: Q9BUF5, Standard Value: 700, logFC: 1.14600392020266, Effect Type: suppress"
"VISMODEGIB",182.306223919119,0.772756137791698,1,0.4,"SMO","Gene: SMO, Target: Q99835, Standard Value: 0.4, logFC: 1.49206941495555, Effect Type: suppress"
"ZOLEDRONIC ACID",518.197206357108,1.067142501749,1,0.07,"FDPS","Gene: FDPS, Target: P14324, Standard Value: 0.07, logFC: 1.28475900440877, Effect Type: suppress"
